{"cameraMode":{"drawMode":0,"name":"Shaded","section":"Shading Mode"},"sceneLighting":true,"audioPlay":false,"sceneViewState":{"m_AlwaysRefresh":false,"showFog":true,"showSkybox":true,"showFlares":true,"showImageEffects":true,"showParticleSystems":true,"showVisualEffectGraphs":true,"m_FxEnabled":true},"in2DMode":false,"pivot":{"x":-7.721171855926514,"y":5.957352161407471,"z":12.38029956817627},"rotation":{"x":0.06890793144702912,"y":-0.03291559964418411,"z":0.0022748347837477924,"w":0.9970797300338745},"size":30.054340362548829,"orthographic":false}